{
	"IcoMoonType": "selection",
	"icons": [
		{
			"icon": {
				"paths": [
					"M256 320c0-141.385 114.615-256 256-256s256 114.615 256 256c0 141.385-114.615 256-256 256-141.385 0-256-114.615-256-256zM768 640h-512c-141.384 0-256 114.618-256 256v64h1024v-64c0-141.382-114.616-256-256-256z"
				],
				"tags": [
					"user",
					"profile",
					"avatar",
					"person",
					"talk",
					"member"
				],
				"grid": 16
			},
			"properties": {
				"order": 1,
				"id": 117,
				"prevSize": 32,
				"code": 58880,
				"name": "user",
				"ligatures": ""
			}
		},
		{
			"icon": {
				"paths": [
					"M640 146.588v135.958c36.206 15.804 69.5 38.408 98.274 67.18 60.442 60.44 93.726 140.8 93.726 226.274s-33.286 165.834-93.726 226.274c-60.44 60.44-140.798 93.726-226.274 93.726s-165.834-33.286-226.274-93.726c-60.44-60.44-93.726-140.8-93.726-226.274s33.286-165.834 93.726-226.274c28.774-28.774 62.068-51.378 98.274-67.182v-135.956c-185.048 55.080-320 226.472-320 429.412 0 247.424 200.578 448 448 448 247.424 0 448-200.576 448-448 0-202.94-134.95-374.332-320-429.412zM448 0h128v512h-128z"
				],
				"tags": [
					"switch",
					"power",
					"turn off",
					"off",
					"shutdown"
				],
				"grid": 16
			},
			"properties": {
				"order": 2,
				"id": 178,
				"prevSize": 32,
				"code": 58881,
				"name": "switch",
				"ligatures": ""
			}
		},
		{
			"icon": {
				"paths": [
					"M1024 590.444l-512-397.426-512 397.428v-162.038l512-397.426 512 397.428zM896 576v384h-256v-256h-256v256h-256v-384l384-288z"
				],
				"tags": [
					"home",
					"house",
					"building"
				],
				"grid": 16
			},
			"properties": {
				"order": 3,
				"id": 1,
				"prevSize": 32,
				"code": 58882,
				"name": "home",
				"ligatures": ""
			}
		}
	],
	"height": 1024,
	"metadata": {},
	"preferences": {
		"fontPref": {
			"prefix": "icon-",
			"metadata": {},
			"showGlyphs": true,
			"metrics": {
				"emSize": 1024,
				"baseline": 6.25,
				"whitespace": 50
			},
			"resetPoint": 58880,
			"showQuickUse": true,
			"quickUsageToken": false,
			"showMetrics": true,
			"showMetadata": false,
			"autoHost": true
		},
		"imagePref": {
			"color": 16777215,
			"height": 50,
			"columns": 16,
			"margin": 16,
			"png": true,
			"sprites": true
		},
		"historySize": 100,
		"showCodes": true,
		"gridSize": 16,
		"showLiga": false,
		"showGrid": true,
		"showGlyphs": true,
		"showQuickUse": true,
		"quickUsageToken": {
			"Untitled Project 1": "Nzk1YjcwNzZmM2RkZDZmZTZhMjg3NmU3NTY3OTE1MTYjMiMxMzg1MDE2MDk1IyMj"
		}
	}
}